{
    "Controlador.TDA.ListaDinamica.ListaDinamica": {
        "cabezera": {
            "info": {
                "@class": "Modelo.Simulacion",
                "id": 1,
                "NumeroPersonas": 1,
                "TiempoFinal": 3,
                "ventanilla": {
                    "Longitud": 0
                },
                "persona": {
                    "idTramite": 2,
                    "Nombre": "Recuperacion de clave",
                    "Duracion": 3
                }
            },
            "Siguiente": {
                "info": {
                    "@class": "Modelo.Simulacion",
                    "id": 2,
                    "NumeroPersonas": 2,
                    "TiempoFinal": 7,
                    "ventanilla": {
                        "Longitud": 0
                    },
                    "persona": {
                        "idTramite": 4,
                        "Nombre": "Actualizacion de datos",
                        "Duracion": 7
                    }
                },
                "Siguiente": {
                    "info": {
                        "@class": "Modelo.Simulacion",
                        "id": 3,
                        "NumeroPersonas": 3,
                        "TiempoFinal": 15,
                        "ventanilla": {
                            "Longitud": 0
                        },
                        "persona": {
                            "idTramite": 4,
                            "Nombre": "Asignacion afiliados",
                            "Duracion": 15
                        }
                    },
                    "Siguiente": {
                        "info": {
                            "@class": "Modelo.Simulacion",
                            "id": 4,
                            "NumeroPersonas": 4,
                            "TiempoFinal": 4,
                            "ventanilla": {
                                "Longitud": 0
                            },
                            "persona": {
                                "idTramite": 6,
                                "Nombre": "Cambio de clave",
                                "Duracion": 4
                            }
                        },
                        "Siguiente": {
                            "info": {
                                "@class": "Modelo.Simulacion",
                                "id": 5,
                                "NumeroPersonas": 5,
                                "TiempoFinal": 15,
                                "ventanilla": {
                                    "Longitud": 0
                                },
                                "persona": {
                                    "idTramite": 11,
                                    "Nombre": "Asignacion afiliados",
                                    "Duracion": 15
                                }
                            },
                            "Siguiente": {
                                "info": {
                                    "@class": "Modelo.Simulacion",
                                    "id": 6,
                                    "NumeroPersonas": 6,
                                    "TiempoFinal": 3,
                                    "ventanilla": {
                                        "Longitud": 0
                                    },
                                    "persona": {
                                        "idTramite": 9,
                                        "Nombre": "Recuperacion de clave",
                                        "Duracion": 3
                                    }
                                },
                                "Siguiente": {
                                    "info": {
                                        "@class": "Modelo.Simulacion",
                                        "id": 7,
                                        "NumeroPersonas": 7,
                                        "TiempoFinal": 3,
                                        "ventanilla": {
                                            "Longitud": 0
                                        },
                                        "persona": {
                                            "idTramite": 5,
                                            "Nombre": "Recuperacion de clave",
                                            "Duracion": 3
                                        }
                                    },
                                    "Siguiente": {
                                        "info": {
                                            "@class": "Modelo.Simulacion",
                                            "id": 8,
                                            "NumeroPersonas": 8,
                                            "TiempoFinal": 7,
                                            "ventanilla": {
                                                "Longitud": 0
                                            },
                                            "persona": {
                                                "idTramite": 7,
                                                "Nombre": "Actualizacion de datos",
                                                "Duracion": 7
                                            }
                                        },
                                        "Siguiente": {
                                            "info": {
                                                "@class": "Modelo.Simulacion",
                                                "id": 9,
                                                "NumeroPersonas": 9,
                                                "TiempoFinal": 15,
                                                "ventanilla": {
                                                    "Longitud": 0
                                                },
                                                "persona": {
                                                    "idTramite": 3,
                                                    "Nombre": "Asignacion afiliados",
                                                    "Duracion": 15
                                                }
                                            },
                                            "Siguiente": {
                                                "info": {
                                                    "@class": "Modelo.Simulacion",
                                                    "id": 10,
                                                    "NumeroPersonas": 10,
                                                    "TiempoFinal": 3,
                                                    "ventanilla": {
                                                        "Longitud": 0
                                                    },
                                                    "persona": {
                                                        "idTramite": 8,
                                                        "Nombre": "Recuperacion de clave",
                                                        "Duracion": 3
                                                    }
                                                },
                                                "Siguiente": {
                                                    "info": {
                                                        "@class": "Modelo.Simulacion",
                                                        "id": 11,
                                                        "NumeroPersonas": 11,
                                                        "TiempoFinal": 4,
                                                        "ventanilla": {
                                                            "Longitud": 0
                                                        },
                                                        "persona": {
                                                            "idTramite": 11,
                                                            "Nombre": "Cambio de clave",
                                                            "Duracion": 4
                                                        }
                                                    },
                                                    "Siguiente": {
                                                        "info": {
                                                            "@class": "Modelo.Simulacion",
                                                            "id": 12,
                                                            "NumeroPersonas": 12,
                                                            "TiempoFinal": 4,
                                                            "ventanilla": {
                                                                "Longitud": 0
                                                            },
                                                            "persona": {
                                                                "idTramite": 2,
                                                                "Nombre": "Cambio de clave",
                                                                "Duracion": 4
                                                            }
                                                        },
                                                        "Siguiente": {
                                                            "info": {
                                                                "@class": "Modelo.Simulacion",
                                                                "id": 13,
                                                                "NumeroPersonas": 13,
                                                                "TiempoFinal": 4,
                                                                "ventanilla": {
                                                                    "Longitud": 0
                                                                },
                                                                "persona": {
                                                                    "idTramite": 13,
                                                                    "Nombre": "Cambio de clave",
                                                                    "Duracion": 4
                                                                }
                                                            },
                                                            "Siguiente": {
                                                                "info": {
                                                                    "@class": "Modelo.Simulacion",
                                                                    "id": 14,
                                                                    "NumeroPersonas": 14,
                                                                    "TiempoFinal": 3,
                                                                    "ventanilla": {
                                                                        "Longitud": 0
                                                                    },
                                                                    "persona": {
                                                                        "idTramite": 2,
                                                                        "Nombre": "Recuperacion de clave",
                                                                        "Duracion": 3
                                                                    }
                                                                },
                                                                "Siguiente": {
                                                                    "info": {
                                                                        "@class": "Modelo.Simulacion",
                                                                        "id": 15,
                                                                        "NumeroPersonas": 15,
                                                                        "TiempoFinal": 3,
                                                                        "ventanilla": {
                                                                            "Longitud": 0
                                                                        },
                                                                        "persona": {
                                                                            "idTramite": 1,
                                                                            "Nombre": "Recuperacion de clave",
                                                                            "Duracion": 3
                                                                        }
                                                                    }
                                                                }
                                                            }
                                                        }
                                                    }
                                                }
                                            }
                                        }
                                    }
                                }
                            }
                        }
                    }
                }
            }
        },
        "ultimo": {
            "@reference": "..\/cabezera\/Siguiente\/Siguiente\/Siguiente\/Siguiente\/Siguiente\/Siguiente\/Siguiente\/Siguiente\/Siguiente\/Siguiente\/Siguiente\/Siguiente\/Siguiente\/Siguiente"
        },
        "Longitud": 15
    }
}