<?xml version="1.0" encoding="UTF-8"?>
<project-private xmlns="http://www.netbeans.org/ns/project-private/1">
    <editor-bookmarks xmlns="http://www.netbeans.org/ns/editor-bookmarks/2" lastBookmarkId="0"/>
    <open-files xmlns="http://www.netbeans.org/ns/projectui-open-files/2">
        <group>
            <file>file:/C:/Users/USUARIO/Downloads/CorreccionEvaluacion/CorreccionEvaluacion/src/Controlador/TDA/Colas/QueueUltimate.java</file>
            <file>file:/C:/Users/USUARIO/Downloads/CorreccionEvaluacion/CorreccionEvaluacion/src/Controlador/TDA/Colas/Queue.java</file>
            <file>file:/C:/Users/USUARIO/Downloads/CorreccionEvaluacion/CorreccionEvaluacion/src/Controlador/TDA/ListaDinamica/ListaDinamica.java</file>
            <file>file:/C:/Users/USUARIO/Downloads/CorreccionEvaluacion/CorreccionEvaluacion/Files/Persona.json</file>
            <file>file:/C:/Users/USUARIO/Downloads/CorreccionEvaluacion/CorreccionEvaluacion/src/Controlador/TDA/Pilas/Stack.java</file>
            <file>file:/C:/Users/USUARIO/Downloads/CorreccionEvaluacion/CorreccionEvaluacion/Files/Simulacion.json</file>
            <file>file:/C:/Users/USUARIO/Downloads/CorreccionEvaluacion/CorreccionEvaluacion/src/Vista/Tabla/ModeloTabla.java</file>
            <file>file:/C:/Users/USUARIO/Downloads/CorreccionEvaluacion/CorreccionEvaluacion/src/Vista/Tabla/ModeloTabla1.java</file>
            <file>file:/C:/Users/USUARIO/Downloads/CorreccionEvaluacion/CorreccionEvaluacion/src/Controlador/TDA/ListaDinamica/Nodo.java</file>
            <file>file:/C:/Users/USUARIO/Downloads/CorreccionEvaluacion/CorreccionEvaluacion/src/Controlador/Dao/Bridge.java</file>
            <file>file:/C:/Users/USUARIO/Downloads/CorreccionEvaluacion/CorreccionEvaluacion/src/Controlador/TDA/listas/Exepciones/PosicionNoEncontrada.java</file>
            <file>file:/C:/Users/USUARIO/Downloads/CorreccionEvaluacion/CorreccionEvaluacion/src/Vista/Tabla/TablaSimulacion.java</file>
            <file>file:/C:/Users/USUARIO/Downloads/CorreccionEvaluacion/CorreccionEvaluacion/src/Modelo/Tramite.java</file>
            <file>file:/C:/Users/USUARIO/Downloads/CorreccionEvaluacion/CorreccionEvaluacion/src/Controlador/Dao/DaoImplement.java</file>
            <file>file:/C:/Users/USUARIO/Downloads/CorreccionEvaluacion/CorreccionEvaluacion/src/Modelo/Simulacion.java</file>
            <file>file:/C:/Users/USUARIO/Downloads/CorreccionEvaluacion/CorreccionEvaluacion/src/Controlador/Dao/Modelo/personaDao.java</file>
            <file>file:/C:/Users/USUARIO/Downloads/CorreccionEvaluacion/CorreccionEvaluacion/src/Vista/FrmSimulacion.java</file>
            <file>file:/C:/Users/USUARIO/Downloads/CorreccionEvaluacion/CorreccionEvaluacion/src/Controlador/TDA/listas/Exepciones/ListaVacia.java</file>
            <file>file:/C:/Users/USUARIO/Downloads/CorreccionEvaluacion/CorreccionEvaluacion/src/Controlador/TDA/Pilas/StackUltimate.java</file>
        </group>
    </open-files>
</project-private>
